{
  "totalPoint": 20607.46800623832,
  "rank": 11,
  "troveUsd": 0.000006502360853574811,
  "stabilityUsd": 43293,
  "crvUsd": 0
}