{
  "totalPoint": 5065.28100151175,
  "rank": 10,
  "troveUsd": 0.00000645835357946079,
  "stabilityUsd": 43293,
  "crvUsd": 0
}