{
  "totalPoint": 30954.495009296752,
  "rank": 11,
  "troveUsd": 0.00000629198773725186,
  "stabilityUsd": 43293,
  "crvUsd": 0
}