{
  "totalPoint": 45025.7540171769,
  "rank": 6,
  "troveUsd": 0,
  "stabilityUsd": 0,
  "crvUsd": 37996.41689213244
}