{
  "totalPoint": 72.6079021816453,
  "rank": 20,
  "troveUsd": 0,
  "stabilityUsd": 0,
  "crvUsd": 500.74415297686426
}