{
  "totalPoint": 3014.0910791664523,
  "rank": 11,
  "troveUsd": 5964,
  "stabilityUsd": 0,
  "crvUsd": 2247.5867839502985
}