{
  "totalPoint": 11832.435356357239,
  "rank": 12,
  "troveUsd": 6534,
  "stabilityUsd": 0,
  "crvUsd": 2247.5867839502985
}