{
  "totalPoint": 18055.11556317784,
  "rank": 13,
  "troveUsd": 7748.999999999999,
  "stabilityUsd": 0,
  "crvUsd": 2247.5867839502985
}