{
  "totalPoint": 30700.00001004625,
  "rank": 10,
  "troveUsd": 0.000008179479718353121,
  "stabilityUsd": 49999.99999999999,
  "crvUsd": 0
}