{
  "totalPoint": 12750.000004100588,
  "rank": 9,
  "troveUsd": 0.00000812412188537808,
  "stabilityUsd": 49999.99999999999,
  "crvUsd": 0
}