{
  "totalPoint": 42650.00001389353,
  "rank": 10,
  "troveUsd": 0.00000791484619877472,
  "stabilityUsd": 49999.99999999999,
  "crvUsd": 0
}