{
  "totalPoint": 29965.831474000002,
  "rank": 12,
  "troveUsd": 55781.606999999996,
  "stabilityUsd": 0,
  "crvUsd": 0
}