{
  "totalPoint": 5342.328980800002,
  "rank": 13,
  "troveUsd": 46576.234000000004,
  "stabilityUsd": 0,
  "crvUsd": 0
}