{
  "totalPoint": 11229.176953369566,
  "rank": 14,
  "troveUsd": 0,
  "stabilityUsd": 0,
  "crvUsd": 20052.10170244566
}