{
  "totalPoint": 868273.8615698144,
  "rank": 2,
  "troveUsd": 218960.72114844108,
  "stabilityUsd": 173272.79070762775,
  "crvUsd": 0
}