{
  "totalPoint": 686743.6711846427,
  "rank": 2,
  "troveUsd": 215453.10203585465,
  "stabilityUsd": 82374.65808176459,
  "crvUsd": 90516.55003443419
}