{
  "totalPoint": 329919.06501043343,
  "rank": 2,
  "troveUsd": 222496.02898886407,
  "stabilityUsd": 82350.123179185,
  "crvUsd": 90516.55003443419
}