{
  "totalPoint": 25815.435299999997,
  "rank": 7,
  "troveUsd": 50732.29999999999,
  "stabilityUsd": 0,
  "crvUsd": 0
}