{
  "totalPoint": 54686.99891555241,
  "rank": 4,
  "troveUsd": 7102.522,
  "stabilityUsd": 4400,
  "crvUsd": 22041.358728437117
}