{
  "totalPoint": 1818.0000006996056,
  "rank": 12,
  "troveUsd": 0.00000116757532674711,
  "stabilityUsd": 6000,
  "crvUsd": 0
}