{
  "totalPoint": 3972.0000015540995,
  "rank": 14,
  "troveUsd": 0.0000011755311945732902,
  "stabilityUsd": 6000,
  "crvUsd": 0
}