{
  "totalPoint": 4522.4880100730725,
  "rank": 15,
  "troveUsd": 5658.508670512781,
  "stabilityUsd": 0,
  "crvUsd": 0
}