{
  "totalPoint": 1785.8979071005472,
  "rank": 15,
  "troveUsd": 5719.877628782445,
  "stabilityUsd": 0,
  "crvUsd": 0
}