{
  "totalPoint": 17237.45063582268,
  "rank": 8,
  "troveUsd": 20890.59008310366,
  "stabilityUsd": 9000,
  "crvUsd": 0
}