{
  "totalPoint": 49591.38946841008,
  "rank": 9,
  "troveUsd": 25064.971991991824,
  "stabilityUsd": 10000,
  "crvUsd": 0
}