{
  "totalPoint": 36625.005902238554,
  "rank": 9,
  "troveUsd": 21577.45912009111,
  "stabilityUsd": 10000,
  "crvUsd": 0
}