{
  "totalPoint": 588.0000003122782,
  "rank": 14,
  "troveUsd": 5.370760014965e-7,
  "stabilityUsd": 2000,
  "crvUsd": 0
}