{
  "totalPoint": 370817.56082855834,
  "rank": 3,
  "troveUsd": 258299.99999999997,
  "stabilityUsd": 20025.44715059225,
  "crvUsd": 0
}