{
  "totalPoint": 2010117.604398992,
  "rank": 1,
  "troveUsd": 446203.6925676267,
  "stabilityUsd": 9000,
  "crvUsd": 250000.22428715133
}