{
  "totalPoint": 731317.0854547918,
  "rank": 1,
  "troveUsd": 414672.05120809213,
  "stabilityUsd": 9000,
  "crvUsd": 250000.22428715133
}