{
  "totalPoint": 1502473.1118071158,
  "rank": 1,
  "troveUsd": 423839.28104267904,
  "stabilityUsd": 9000,
  "crvUsd": 250000.22428715133
}