{
  "totalPoint": 762.2217326496259,
  "rank": 13,
  "troveUsd": 0,
  "stabilityUsd": 106.84876887795252,
  "crvUsd": 400
}