{
  "totalPoint": 160925.05835573847,
  "rank": 4,
  "troveUsd": 0,
  "stabilityUsd": 0,
  "crvUsd": 37208.10597820535
}