{
  "totalPoint": 116461.37171178285,
  "rank": 4,
  "troveUsd": 0,
  "stabilityUsd": 0,
  "crvUsd": 37208.10597820535
}