{
  "totalPoint": 49672.82148090413,
  "rank": 5,
  "troveUsd": 0,
  "stabilityUsd": 0,
  "crvUsd": 37208.10597820535
}