{
  "totalPoint": 88243.2555191607,
  "rank": 6,
  "troveUsd": 90285.08872026,
  "stabilityUsd": 0,
  "crvUsd": 0
}